article_id,ground_truth_letters_per_word,ground_truth_words_per_sentence,ground_truth_words_per_text,ground_truth_sentences_per_text,generated_letters_per_word,generated_words_per_sentence,generated_words_per_text,generated_sentences_per_text,generated_LD,ground_truth_LD,generated_LS1,ground_truth_LS1,generated_LS2,ground_truth_LS2,generated_VS1,ground_truth_VS1,generated_VS2,ground_truth_VS2,generated_CVS1,ground_truth_CVS1,generated_T,ground_truth_T,generated_T50,ground_truth_T50,generated_T50S,ground_truth_T50S,generated_T50W,ground_truth_T50W,generated_TTR,ground_truth_TTR,generated_MSTTR,ground_truth_MSTTR,generated_CTTR,ground_truth_CTTR,generated_RTTR,ground_truth_RTTR,generated_LogTTR,ground_truth_LogTTR,generated_Uber,ground_truth_Uber,generated_MATTR,ground_truth_MATTR,generated_HDD,ground_truth_HDD,generated_MTLD,ground_truth_MTLD,generated_MTLD-MA,ground_truth_MTLD-MA,generated_MTLD-bii,ground_truth_MTLD-bii,generated_LV,ground_truth_LV,generated_VV1,ground_truth_VV1,generated_SVV1,ground_truth_SVV1,generated_CVV1,ground_truth_CVV1,generated_CVV2,ground_truth_CVV2,generated_NV,ground_truth_NV,generated_ADJV,ground_truth_ADJV,generated_ADVV,ground_truth_ADVV,generated_MODV,ground_truth_MODV,ground_truth_MLS,ground_truth_MLT,ground_truth_MLC,ground_truth_C/S,ground_truth_VP/T,ground_truth_C/T,ground_truth_DC/C,ground_truth_DC/T,ground_truth_CT/T,ground_truth_CP/T,ground_truth_CP/C,ground_truth_CN/T,ground_truth_CN/C,ground_truth_T/S,generated_MLS,generated_MLT,generated_MLC,generated_C/S,generated_VP/T,generated_C/T,generated_DC/C,generated_DC/T,generated_CT/T,generated_CP/T,generated_CP/C,generated_CN/T,generated_CN/C,generated_T/S
4000241,4.562,26.0,390.0,15.0,4.4497,29.2308,380.0,13.0,0.566,0.615,0.408,0.433,0.482,0.437,0.7,0.623,0.7,0.611,15.68,15.783,193,213,43,43,37.7,39.4,68.1,74.6,0.508,0.546,0.781,0.82,7.001,7.627,9.901,10.786,0.886,0.899,2.954,3.002,0.962,0.975,0.508,0.546,76.0,97.5,76.0,97.5,76.0,113.75,0.749,0.688,0.8,0.783,32.0,42.261,0.8,0.783,0.8,0.783,0.759,0.656,0.714,0.867,0.667,0.6,0.667,0.75,23.933333333333334,10.558823529411764,10.257142857142858,2.3333333333333335,1.088235294117647,1.0294117647058822,0.5714285714285714,0.5882352941176471,0.38235294117647056,0.2647058823529412,0.2571428571428571,0.2647058823529412,0.2571428571428571,2.2666666666666666,26.53846153846154,13.26923076923077,12.777777777777779,2.076923076923077,1.0,1.0384615384615385,0.5185185185185185,0.5384615384615384,0.46153846153846156,0.5,0.48148148148148145,0.038461538461538464,0.037037037037037035,2.0
4000341,5.0462,24.2143,339.0,14.0,4.9324,29.0769,378.0,13.0,0.532,0.549,0.487,0.531,0.484,0.503,0.846,0.74,0.833,0.714,23.558,18.0,190,179,38,36,37.2,39.0,67.4,80.4,0.503,0.528,0.78,0.789,6.91,6.874,9.773,9.722,0.884,0.89,2.946,2.943,0.934,0.927,0.503,0.528,75.6,67.8,75.6,67.8,69.3,67.8,0.746,0.753,0.808,0.84,33.923,35.28,0.808,0.84,0.808,0.84,0.725,0.729,1.0,1.0,1.0,0.6,1.0,0.889,17.0,10.074074074074074,8.0,2.125,0.8888888888888888,1.2592592592592593,0.5294117647058824,0.6666666666666666,0.37037037037037035,0.37037037037037035,0.29411764705882354,0.07407407407407407,0.058823529411764705,1.6875,21.928571428571427,10.233333333333333,9.029411764705882,2.4285714285714284,1.1333333333333333,1.1333333333333333,0.5882352941176471,0.6666666666666666,0.4,0.4,0.35294117647058826,0.03333333333333333,0.029411764705882353,2.142857142857143
4000441,5.7262,20.1579,383.0,19.0,5.3669,22.5294,383.0,17.0,0.621,0.601,0.337,0.446,0.388,0.429,0.379,0.679,0.488,0.688,6.897,8.643,178,203,41,44,39.8,41.4,65.9,71.2,0.465,0.53,0.794,0.801,6.431,7.335,9.095,10.373,0.871,0.893,2.906,2.98,0.968,0.956,0.465,0.53,63.833,76.6,63.833,76.6,63.833,76.6,0.618,0.665,0.707,0.571,28.983,18.286,0.707,0.571,0.707,0.571,0.57,0.687,0.917,0.857,0.667,1.0,0.867,0.875,17.68421052631579,9.882352941176471,10.5,1.6842105263157894,0.7058823529411765,0.9411764705882353,0.40625,0.38235294117647056,0.3235294117647059,0.23529411764705882,0.25,0.35294117647058826,0.375,1.7894736842105263,20.41176470588235,9.914285714285715,11.566666666666666,1.7647058823529411,0.8571428571428571,0.8571428571428571,0.43333333333333335,0.37142857142857144,0.34285714285714286,0.34285714285714286,0.4,0.2,0.23333333333333334,2.0588235294117645
4000541,4.7038,25.8,387.0,15.0,5.0552,21.2778,383.0,18.0,0.546,0.532,0.433,0.429,0.446,0.452,0.68,0.727,0.576,0.739,7.22,21.018,186,210,42,37,38.1,40.1,67.4,72.6,0.486,0.543,0.79,0.792,6.72,7.548,9.504,10.675,0.879,0.897,2.931,2.996,0.959,0.946,0.486,0.543,95.75,64.5,95.75,64.5,86.175,80.625,0.713,0.806,0.66,0.836,21.78,38.473,0.66,0.836,0.66,0.836,0.717,0.835,0.957,0.929,0.556,0.6,0.844,0.792,20.5625,10.612903225806452,9.676470588235293,2.125,0.9032258064516129,1.096774193548387,0.5294117647058824,0.5806451612903226,0.3225806451612903,0.25806451612903225,0.23529411764705882,0.06451612903225806,0.058823529411764705,1.9375,18.333333333333332,12.222222222222221,10.0,1.8333333333333333,0.7777777777777778,1.2222222222222223,0.45454545454545453,0.5555555555555556,0.4444444444444444,0.5185185185185185,0.42424242424242425,0.14814814814814814,0.12121212121212122,1.5
4000641,5.2906,37.2,372.0,10.0,4.7297,26.2667,394.0,15.0,0.548,0.559,0.419,0.487,0.545,0.608,0.744,0.833,0.758,0.833,16.026,17.361,198,204,34,39,35.5,38.9,67.8,68.7,0.503,0.548,0.716,0.758,7.053,7.479,9.975,10.577,0.885,0.898,2.958,2.991,0.918,0.933,0.503,0.548,49.25,62.0,49.25,62.0,49.25,62.0,0.778,0.827,0.846,0.833,27.923,25.0,0.846,0.833,0.846,0.833,0.73,0.813,0.957,0.963,1.0,1.0,0.96,0.97,40.875,19.235294117647058,14.217391304347826,2.875,1.2352941176470589,1.3529411764705883,0.6521739130434783,0.8823529411764706,0.5294117647058824,1.1176470588235294,0.8260869565217391,0.35294117647058826,0.2608695652173913,2.125,23.2,12.0,12.428571428571429,1.8666666666666667,0.896551724137931,0.9655172413793104,0.4642857142857143,0.4482758620689655,0.27586206896551724,0.3793103448275862,0.39285714285714285,0.20689655172413793,0.21428571428571427,1.9333333333333333
4000941,4.2262,17.3478,399.0,23.0,4.1656,19.7222,355.0,18.0,0.513,0.566,0.451,0.496,0.513,0.574,0.812,0.791,0.806,0.782,13.021,27.597,187,209,33,39,35.9,39.1,63.2,72.3,0.527,0.524,0.758,0.765,7.018,7.399,9.925,10.463,0.891,0.892,2.955,2.985,0.949,0.95,0.527,0.524,59.167,79.8,59.167,79.8,59.167,73.15,0.791,0.748,0.646,0.821,20.021,45.149,0.646,0.821,0.646,0.821,0.831,0.708,1.0,0.947,0.0,0.667,1.0,0.909,14.583333333333334,6.60377358490566,8.333333333333334,1.75,0.8113207547169812,0.7924528301886793,0.42857142857142855,0.33962264150943394,0.22641509433962265,0.18867924528301888,0.23809523809523808,0.11320754716981132,0.14285714285714285,2.2083333333333335,17.22222222222222,10.333333333333334,10.333333333333334,1.6666666666666667,0.7666666666666667,1.0,0.4,0.4,0.3333333333333333,0.23333333333333334,0.23333333333333334,0.13333333333333333,0.13333333333333333,1.6666666666666667
4001041,5.2436,24.625,394.0,16.0,5.07,17.8636,393.0,22.0,0.522,0.566,0.351,0.325,0.421,0.348,0.543,0.593,0.608,0.634,13.729,11.458,197,201,39,39,38.9,39.1,69.2,70.5,0.501,0.51,0.757,0.767,7.027,7.16,9.937,10.126,0.884,0.887,2.956,2.966,0.945,0.939,0.501,0.51,65.5,65.667,65.5,65.667,65.5,65.667,0.766,0.7,0.729,0.695,37.157,28.492,0.729,0.695,0.729,0.695,0.805,0.689,0.75,1.0,0.5,0.75,0.682,0.875,22.125,9.833333333333334,10.411764705882353,2.125,0.9722222222222222,0.9444444444444444,0.5294117647058824,0.5,0.3333333333333333,0.6111111111111112,0.6470588235294118,0.08333333333333333,0.08823529411764706,2.25,16.09090909090909,7.866666666666666,9.076923076923077,1.7727272727272727,0.8444444444444444,0.8666666666666667,0.4358974358974359,0.37777777777777777,0.26666666666666666,0.4444444444444444,0.5128205128205128,0.044444444444444446,0.05128205128205128,2.0454545454545454
4001341,5.0848,21.2222,382.0,18.0,5.3051,22.4118,381.0,17.0,0.646,0.586,0.443,0.39,0.557,0.523,0.825,0.744,0.884,0.837,22.921,20.5,158,151,30,32,38.0,36.4,59.3,57.5,0.417,0.395,0.74,0.719,5.739,5.463,8.116,7.726,0.853,0.844,2.842,2.815,0.945,0.928,0.417,0.395,42.111,47.75,42.111,47.75,42.111,47.75,0.539,0.54,0.683,0.598,29.349,29.28,0.683,0.598,0.683,0.598,0.506,0.5,0.458,0.818,0.75,1.0,0.5,0.833,19.22222222222222,8.439024390243903,8.439024390243903,2.2777777777777777,1.1219512195121952,1.0,0.5609756097560976,0.5609756097560976,0.3170731707317073,0.24390243902439024,0.24390243902439024,0.04878048780487805,0.04878048780487805,2.2777777777777777,20.352941176470587,9.885714285714286,9.35135135135135,2.176470588235294,1.0857142857142856,1.0571428571428572,0.5405405405405406,0.5714285714285714,0.4,0.2571428571428571,0.24324324324324326,0.08571428571428572,0.08108108108108109,2.0588235294117645
4001441,5.4224,29.3333,352.0,12.0,5.931,22.9412,390.0,17.0,0.595,0.565,0.395,0.483,0.448,0.491,0.717,0.702,0.7,0.65,14.792,14.383,172,175,36,38,37.1,37.3,63.7,62.4,0.441,0.497,0.751,0.805,6.159,6.596,8.71,9.328,0.863,0.881,2.882,2.92,0.961,0.953,0.441,0.497,65.0,70.4,65.0,70.4,60.357,70.4,0.595,0.678,0.755,0.851,30.189,34.043,0.755,0.851,0.755,0.851,0.5,0.612,1.0,1.0,0.833,0.667,0.947,0.889,29.2,12.695652173913043,11.23076923076923,2.6,1.1304347826086956,1.1304347826086956,0.6153846153846154,0.6956521739130435,0.391304347826087,0.30434782608695654,0.2692307692307692,0.13043478260869565,0.11538461538461539,2.3,20.764705882352942,11.03125,10.382352941176471,2.0,0.96875,1.0625,0.5,0.53125,0.40625,0.21875,0.20588235294117646,0.1875,0.17647058823529413,1.8823529411764706
4001541,4.819,25.6,384.0,15.0,5.2201,24.875,398.0,16.0,0.518,0.573,0.309,0.349,0.431,0.425,0.69,0.596,0.657,0.622,12.595,15.077,181,212,36,37,35.0,42.9,64.4,73.1,0.455,0.552,0.709,0.802,6.415,7.65,9.073,10.819,0.868,0.9,2.905,3.003,0.937,0.957,0.455,0.552,44.222,96.0,44.222,96.0,46.986,96.0,0.752,0.773,0.833,0.865,29.167,38.942,0.833,0.865,0.833,0.865,0.712,0.752,1.0,1.0,1.0,0.5,1.0,0.778,22.866666666666667,10.393939393939394,10.393939393939394,2.2,1.0909090909090908,1.0,0.5454545454545454,0.5454545454545454,0.3333333333333333,0.5757575757575758,0.5757575757575758,0.24242424242424243,0.24242424242424243,2.2,22.5625,10.617647058823529,12.033333333333333,1.875,0.9117647058823529,0.8823529411764706,0.4666666666666667,0.4117647058823529,0.29411764705882354,0.5588235294117647,0.6333333333333333,0.08823529411764706,0.1,2.125
4001741,4.5881,18.8571,396.0,21.0,4.5146,19.85,397.0,20.0,0.559,0.545,0.501,0.449,0.557,0.48,0.877,0.657,0.86,0.735,21.062,18.514,192,202,36,37,37.2,42.4,68.2,70.2,0.484,0.51,0.751,0.752,6.814,7.178,9.636,10.151,0.879,0.887,2.939,2.968,0.959,0.951,0.484,0.51,49.625,66.0,49.625,66.0,57.896,66.0,0.707,0.718,0.662,0.7,28.446,34.3,0.662,0.7,0.662,0.7,0.739,0.731,0.833,0.875,0.857,0.75,0.842,0.812,16.476190476190474,8.871794871794872,6.92,2.380952380952381,1.0512820512820513,1.2820512820512822,0.58,0.7435897435897436,0.41025641025641024,0.1794871794871795,0.14,0.15384615384615385,0.12,1.8571428571428572,17.15,9.026315789473685,8.575,2.0,0.8947368421052632,1.0526315789473684,0.5,0.5263157894736842,0.3157894736842105,0.18421052631578946,0.175,0.05263157894736842,0.05,1.9
4002041,4.8865,27.0714,379.0,14.0,4.6867,23.8667,358.0,15.0,0.57,0.599,0.447,0.467,0.512,0.536,0.609,0.734,0.688,0.827,7.562,28.891,166,209,37,43,39.3,41.7,60.1,72.5,0.464,0.551,0.778,0.811,6.204,7.591,8.773,10.736,0.869,0.9,2.885,2.999,0.967,0.966,0.464,0.551,59.667,94.75,59.667,94.75,59.667,94.75,0.652,0.709,0.5,0.812,16.0,42.25,0.5,0.812,0.5,0.812,0.73,0.671,0.818,0.923,0.429,0.857,0.724,0.9,21.25,10.625,10.0,2.125,0.9375,1.0625,0.5294117647058824,0.5625,0.375,0.15625,0.14705882352941177,0.1875,0.17647058823529413,2.0,21.266666666666666,14.5,10.290322580645162,2.066666666666667,0.8636363636363636,1.4090909090909092,0.5161290322580645,0.7272727272727273,0.5454545454545454,0.36363636363636365,0.25806451612903225,0.3181818181818182,0.22580645161290322,1.4666666666666666
4002241,5.2774,24.2667,364.0,15.0,5.6187,27.5,385.0,14.0,0.556,0.618,0.426,0.401,0.444,0.454,0.692,0.625,0.656,0.611,11.308,12.1,162,196,37,38,34.5,41.0,60.6,68.1,0.421,0.538,0.734,0.806,5.838,7.264,8.256,10.273,0.855,0.895,2.852,2.974,0.934,0.957,0.421,0.538,48.125,121.333,48.125,121.333,51.562,121.333,0.626,0.716,0.821,0.9,26.256,32.4,0.821,0.9,0.821,0.9,0.561,0.644,0.72,0.955,1.0,0.0,0.741,0.955,22.066666666666666,10.67741935483871,11.033333333333333,2.0,0.967741935483871,0.967741935483871,0.5,0.4838709677419355,0.3225806451612903,0.4838709677419355,0.5,0.45161290322580644,0.4666666666666667,2.066666666666667,23.214285714285715,13.0,10.483870967741936,2.2142857142857144,1.08,1.24,0.5483870967741935,0.68,0.52,0.56,0.45161290322580644,0.64,0.5161290322580645,1.7857142857142858
4002341,4.8837,19.85,397.0,20.0,5.4419,22.0556,397.0,18.0,0.579,0.564,0.383,0.363,0.427,0.46,0.492,0.481,0.537,0.545,12.938,11.077,206,211,42,41,39.2,41.4,72.7,73.8,0.519,0.531,0.794,0.796,7.311,7.488,10.339,10.59,0.89,0.894,2.978,2.991,0.974,0.973,0.519,0.531,99.25,99.25,99.25,99.25,99.25,89.325,0.752,0.777,0.831,0.846,44.862,37.231,0.831,0.846,0.831,0.846,0.701,0.745,0.857,0.9,1.0,1.0,0.889,0.909,17.476190476190474,9.91891891891892,9.657894736842104,1.8095238095238095,0.8648648648648649,1.027027027027027,0.4473684210526316,0.4594594594594595,0.35135135135135137,0.3783783783783784,0.3684210526315789,0.05405405405405406,0.05263157894736842,1.7619047619047619,19.944444444444443,8.348837209302326,10.558823529411764,1.8888888888888888,0.9069767441860465,0.7906976744186046,0.47058823529411764,0.37209302325581395,0.32558139534883723,0.4883720930232558,0.6176470588235294,0.0,0.0,2.388888888888889
4002441,5.9823,28.0714,393.0,14.0,5.6686,26.6667,400.0,15.0,0.57,0.621,0.36,0.42,0.419,0.482,0.516,0.679,0.583,0.689,12.645,18.132,198,195,40,40,38.6,39.4,70.3,70.4,0.495,0.496,0.768,0.798,7.0,6.955,9.9,9.836,0.883,0.883,2.954,2.95,0.957,0.967,0.495,0.496,80.0,98.25,80.0,98.25,73.333,88.425,0.715,0.66,0.774,0.849,37.161,38.208,0.774,0.849,0.774,0.849,0.682,0.591,1.0,1.0,0.714,1.0,0.833,1.0,25.214285714285715,11.387096774193548,11.387096774193548,2.2142857142857144,1.096774193548387,1.0,0.5483870967741935,0.5483870967741935,0.3548387096774194,0.5483870967741935,0.5483870967741935,0.3548387096774194,0.3548387096774194,2.2142857142857144,23.933333333333334,9.447368421052632,11.21875,2.1333333333333333,1.0526315789473684,0.8421052631578947,0.53125,0.4473684210526316,0.34210526315789475,0.47368421052631576,0.5625,0.07894736842105263,0.09375,2.533333333333333
4002541,4.9937,23.25,372.0,16.0,5.5881,23.5,376.0,16.0,0.617,0.565,0.391,0.419,0.487,0.517,0.692,0.75,0.643,0.765,14.019,27.161,187,207,38,38,37.9,40.3,67.0,71.8,0.497,0.556,0.791,0.824,6.819,7.589,9.644,10.732,0.882,0.901,2.939,2.999,0.964,0.967,0.497,0.556,75.2,93.0,75.2,93.0,75.2,93.0,0.69,0.757,0.808,0.911,33.923,46.446,0.808,0.911,0.808,0.911,0.609,0.687,0.952,1.0,1.0,1.0,0.958,1.0,21.0625,9.628571428571428,12.481481481481481,1.6875,0.8857142857142857,0.7714285714285715,0.4074074074074074,0.3142857142857143,0.22857142857142856,0.2571428571428571,0.3333333333333333,0.2571428571428571,0.3333333333333333,2.1875,21.6875,10.515151515151516,9.914285714285715,2.1875,1.0909090909090908,1.0606060606060606,0.5428571428571428,0.5757575757575758,0.48484848484848486,0.45454545454545453,0.42857142857142855,0.36363636363636365,0.34285714285714286,2.0625
4002641,5.2331,21.0526,400.0,19.0,5.447,22.1111,398.0,18.0,0.585,0.595,0.407,0.41,0.465,0.485,0.609,0.568,0.595,0.585,9.766,12.986,187,227,41,41,38.7,40.2,67.5,77.7,0.47,0.568,0.756,0.808,6.628,8.026,9.373,11.35,0.874,0.905,2.923,3.03,0.96,0.97,0.47,0.568,66.333,100.0,66.333,100.0,66.333,100.0,0.665,0.777,0.656,0.716,27.562,37.959,0.656,0.716,0.656,0.716,0.649,0.777,0.889,0.913,1.0,1.0,0.905,0.941,18.94736842105263,10.588235294117647,9.23076923076923,2.0526315789473686,0.8529411764705882,1.1470588235294117,0.5128205128205128,0.5882352941176471,0.4117647058823529,0.3235294117647059,0.28205128205128205,0.029411764705882353,0.02564102564102564,1.7894736842105263,20.055555555555557,9.5,10.93939393939394,1.8333333333333333,0.8157894736842105,0.868421052631579,0.45454545454545453,0.39473684210526316,0.2631578947368421,0.39473684210526316,0.45454545454545453,0.21052631578947367,0.24242424242424243,2.111111111111111
4002741,5.4079,24.0,384.0,16.0,5.403,21.2222,382.0,18.0,0.602,0.607,0.366,0.458,0.38,0.527,0.609,0.5,0.615,0.543,16.0,10.417,200,220,37,38,40.6,40.4,70.9,75.0,0.524,0.573,0.81,0.81,7.236,7.939,10.233,11.227,0.891,0.906,2.972,3.024,0.97,0.969,0.524,0.573,95.5,96.0,95.5,96.0,95.5,96.0,0.735,0.781,0.812,0.767,42.25,35.267,0.812,0.767,0.812,0.767,0.709,0.76,0.923,1.0,0.2,1.0,0.722,1.0,21.25,10.625,10.96774193548387,1.9375,0.9375,0.96875,0.4838709677419355,0.46875,0.375,0.375,0.3870967741935484,0.25,0.25806451612903225,2.0,18.833333333333332,9.685714285714285,9.416666666666666,2.0,0.9142857142857143,1.0285714285714285,0.5,0.5142857142857142,0.45714285714285713,0.2857142857142857,0.2777777777777778,0.11428571428571428,0.1111111111111111,1.9444444444444444
4002841,5.1943,21.3529,363.0,17.0,6.0396,22.8235,388.0,17.0,0.593,0.587,0.387,0.372,0.432,0.445,0.49,0.615,0.611,0.611,9.49,9.308,183,191,36,40,36.7,40.5,66.0,67.3,0.472,0.526,0.759,0.82,6.569,7.089,9.29,10.025,0.874,0.891,2.918,2.961,0.94,0.963,0.472,0.526,64.667,90.75,64.667,90.75,64.667,90.75,0.674,0.685,0.706,0.692,25.412,24.923,0.706,0.692,0.706,0.692,0.659,0.667,0.875,1.0,0.5,1.0,0.75,1.0,19.9375,11.814814814814815,9.382352941176471,2.125,0.8888888888888888,1.2592592592592593,0.5294117647058824,0.6666666666666666,0.2962962962962963,0.2962962962962963,0.23529411764705882,0.14814814814814814,0.11764705882352941,1.6875,19.470588235294116,10.030303030303031,13.791666666666666,1.411764705882353,0.6666666666666666,0.7272727272727273,0.2916666666666667,0.21212121212121213,0.21212121212121213,0.5151515151515151,0.7083333333333334,0.09090909090909091,0.125,1.9411764705882353
4002941,5.4041,170.5,341.0,2.0,5.6735,32.1667,386.0,12.0,0.544,0.501,0.472,0.428,0.57,0.586,0.706,0.812,0.719,0.786,15.559,7.562,200,133,36,31,37.5,33.4,69.1,63.8,0.518,0.39,0.756,0.704,7.198,5.093,10.18,7.202,0.89,0.839,2.969,2.773,0.945,0.906,0.518,0.39,64.333,37.889,64.333,37.889,64.333,35.994,0.767,0.579,0.941,0.875,30.118,12.25,0.941,0.875,0.941,0.875,0.688,0.529,0.92,0.867,1.0,0.0,0.943,0.867,154.0,77.0,28.0,5.5,2.5,2.75,0.8181818181818182,2.25,0.75,2.0,0.7272727272727273,3.0,1.0909090909090908,2.0,28.666666666666668,14.956521739130435,14.333333333333334,2.0,0.8695652173913043,1.0434782608695652,0.5,0.5217391304347826,0.30434782608695654,0.6521739130434783,0.625,0.391304347826087,0.375,1.9166666666666667
4003041,5.2845,30.6923,399.0,13.0,5.8283,28.0,392.0,14.0,0.635,0.569,0.452,0.393,0.451,0.458,0.654,0.739,0.61,0.706,12.019,12.522,195,201,37,35,37.5,39.7,70.6,71.2,0.497,0.504,0.807,0.777,6.964,7.115,9.849,10.063,0.883,0.886,2.951,2.963,0.964,0.958,0.497,0.504,98.0,79.8,98.0,79.8,98.0,79.8,0.639,0.683,0.788,0.739,32.327,25.13,0.788,0.739,0.788,0.739,0.596,0.642,0.65,0.938,1.0,0.667,0.731,0.895,23.1875,13.25,16.863636363636363,1.375,0.6428571428571429,0.7857142857142857,0.2727272727272727,0.21428571428571427,0.17857142857142858,0.4642857142857143,0.5909090909090909,0.4642857142857143,0.5909090909090909,1.75,24.857142857142858,12.428571428571429,11.6,2.142857142857143,0.9642857142857143,1.0714285714285714,0.5333333333333333,0.5714285714285714,0.4642857142857143,0.2857142857142857,0.26666666666666666,0.39285714285714285,0.36666666666666664,2.0
4003141,5.2378,19.95,399.0,20.0,5.1547,20.9474,398.0,19.0,0.575,0.569,0.357,0.341,0.432,0.366,0.688,0.558,0.667,0.618,14.062,8.481,183,175,39,41,37.8,36.4,67.2,65.1,0.46,0.439,0.769,0.755,6.486,6.195,9.173,8.761,0.87,0.862,2.911,2.885,0.958,0.951,0.46,0.439,66.333,57.0,66.333,57.0,66.333,57.0,0.664,0.604,0.703,0.654,31.641,22.231,0.703,0.654,0.703,0.654,0.64,0.625,0.722,0.458,0.75,0.286,0.731,0.419,17.45,8.948717948717949,11.258064516129032,1.55,0.7692307692307693,0.7948717948717948,0.3548387096774194,0.28205128205128205,0.2564102564102564,0.3076923076923077,0.3870967741935484,0.15384615384615385,0.1935483870967742,1.95,19.05263157894737,10.969696969696969,10.342857142857143,1.8421052631578947,0.8787878787878788,1.0606060606060606,0.45714285714285713,0.48484848484848486,0.42424242424242425,0.3333333333333333,0.3142857142857143,0.0,0.0,1.736842105263158
4003241,4.982,21.7778,392.0,18.0,5.2006,23.6875,379.0,16.0,0.623,0.605,0.435,0.469,0.564,0.504,0.887,0.695,0.872,0.622,21.811,13.288,181,226,33,42,38.4,42.6,64.2,77.2,0.478,0.577,0.749,0.818,6.574,8.071,9.297,11.415,0.876,0.908,2.918,3.033,0.952,0.968,0.478,0.577,63.167,196.0,63.167,196.0,63.167,163.333,0.665,0.755,0.736,0.763,28.698,34.322,0.736,0.763,0.736,0.763,0.604,0.748,0.95,0.8,1.0,1.0,0.958,0.826,19.61111111111111,11.387096774193548,9.54054054054054,2.0555555555555554,0.967741935483871,1.1935483870967742,0.5135135135135135,0.6129032258064516,0.41935483870967744,0.25806451612903225,0.21621621621621623,0.45161290322580644,0.3783783783783784,1.7222222222222223,21.8125,11.633333333333333,11.633333333333333,1.875,0.8666666666666667,1.0,0.4666666666666667,0.4666666666666667,0.4,0.5,0.5,0.2,0.2,1.875
4003341,5.4362,38.8,388.0,10.0,5.5465,24.3125,389.0,16.0,0.586,0.57,0.45,0.456,0.536,0.526,0.939,0.738,0.939,0.688,19.612,11.524,192,215,41,39,38.0,39.1,68.7,74.4,0.494,0.554,0.779,0.812,6.884,7.718,9.735,10.915,0.882,0.901,2.944,3.008,0.969,0.96,0.494,0.554,77.8,129.333,77.8,129.333,77.8,113.167,0.693,0.751,0.673,0.762,22.224,24.381,0.673,0.762,0.673,0.762,0.714,0.762,0.583,0.655,1.0,1.0,0.6,0.688,25.5,17.85,14.28,1.7857142857142858,0.65,1.25,0.44,0.55,0.3,0.55,0.44,0.5,0.4,1.4285714285714286,22.375,12.344827586206897,13.25925925925926,1.6875,0.6896551724137931,0.9310344827586207,0.4074074074074074,0.3793103448275862,0.3448275862068966,0.5862068965517241,0.6296296296296297,0.27586206896551724,0.2962962962962963,1.8125
4003441,4.9745,27.5385,358.0,13.0,5.1518,28.3077,368.0,13.0,0.546,0.598,0.337,0.383,0.408,0.378,0.712,0.484,0.69,0.548,14.254,8.266,191,185,41,45,40.9,41.1,68.0,65.5,0.519,0.517,0.816,0.818,7.04,6.914,9.957,9.778,0.889,0.888,2.957,2.947,0.959,0.956,0.519,0.517,92.0,89.5,92.0,89.5,92.0,89.5,0.736,0.687,0.712,0.656,29.898,27.562,0.712,0.656,0.712,0.656,0.738,0.692,0.909,1.0,1.0,0.571,0.938,0.824,24.692307692307693,11.464285714285714,10.03125,2.4615384615384617,1.0714285714285714,1.1428571428571428,0.59375,0.6785714285714286,0.39285714285714285,0.5714285714285714,0.5,0.21428571428571427,0.1875,2.1538461538461537,26.0,13.0,11.266666666666667,2.3076923076923075,1.0384615384615385,1.1538461538461537,0.5666666666666667,0.6538461538461539,0.46153846153846156,0.4230769230769231,0.36666666666666664,0.07692307692307693,0.06666666666666667,2.0
4003541,5.0742,29.0,377.0,13.0,5.3959,21.4444,386.0,18.0,0.583,0.557,0.391,0.353,0.482,0.442,0.754,0.711,0.733,0.667,19.105,15.022,197,199,36,41,36.2,40.1,68.9,69.3,0.51,0.528,0.765,0.784,7.09,7.247,10.027,10.249,0.887,0.892,2.961,2.973,0.957,0.944,0.51,0.528,77.2,94.25,77.2,94.25,77.2,94.25,0.751,0.743,0.789,0.867,35.526,33.8,0.789,0.867,0.789,0.867,0.735,0.689,0.923,0.923,0.5,1.0,0.824,0.929,25.071428571428573,15.26086956521739,11.7,2.142857142857143,1.0,1.3043478260869565,0.5333333333333333,0.6956521739130435,0.43478260869565216,0.17391304347826086,0.13333333333333333,0.2608695652173913,0.2,1.6428571428571428,19.27777777777778,10.205882352941176,11.566666666666666,1.6666666666666667,0.7352941176470589,0.8823529411764706,0.4,0.35294117647058826,0.3235294117647059,0.4117647058823529,0.4666666666666667,0.23529411764705882,0.26666666666666666,1.8888888888888888
4003641,5.6195,29.6923,386.0,13.0,5.697,31.75,381.0,12.0,0.614,0.637,0.409,0.433,0.462,0.498,0.778,0.872,0.765,0.839,15.022,17.333,186,217,41,43,38.2,40.5,67.1,74.7,0.488,0.562,0.789,0.813,6.738,7.81,9.529,11.045,0.879,0.903,2.932,3.015,0.953,0.96,0.488,0.562,76.2,96.5,76.2,96.5,76.2,96.5,0.679,0.748,0.756,0.795,25.689,24.641,0.756,0.795,0.756,0.795,0.629,0.719,0.944,0.917,1.0,1.0,0.955,0.931,26.923076923076923,16.666666666666668,12.5,2.1538461538461537,0.9523809523809523,1.3333333333333333,0.5357142857142857,0.7142857142857143,0.5238095238095238,0.42857142857142855,0.32142857142857145,0.47619047619047616,0.35714285714285715,1.6153846153846154,28.333333333333332,14.166666666666666,14.782608695652174,1.9166666666666667,0.8333333333333334,0.9583333333333334,0.4782608695652174,0.4583333333333333,0.2916666666666667,0.4166666666666667,0.43478260869565216,0.3333333333333333,0.34782608695652173,2.0
4003741,5.2155,33.3636,367.0,11.0,5.1543,27.3571,383.0,14.0,0.559,0.531,0.454,0.518,0.553,0.586,0.816,0.86,0.821,0.825,20.898,21.78,190,191,38,35,37.3,38.1,67.9,65.5,0.496,0.52,0.785,0.765,6.865,7.05,9.709,9.97,0.882,0.889,2.943,2.958,0.97,0.932,0.496,0.52,76.6,61.167,76.6,61.167,76.6,61.167,0.724,0.759,0.796,0.8,31.041,32.0,0.796,0.8,0.796,0.8,0.705,0.72,0.909,0.938,0.6,0.75,0.812,0.9,22.142857142857142,12.916666666666666,10.689655172413794,2.0714285714285716,1.0,1.2083333333333333,0.5172413793103449,0.625,0.5,0.4166666666666667,0.3448275862068966,0.25,0.20689655172413793,1.7142857142857142,24.357142857142858,11.366666666666667,12.62962962962963,1.9285714285714286,0.9333333333333333,0.9,0.48148148148148145,0.43333333333333335,0.4,0.6333333333333333,0.7037037037037037,0.13333333333333333,0.14814814814814814,2.142857142857143
4003841,4.7094,23.7333,356.0,15.0,5.3722,23.3529,397.0,17.0,0.569,0.601,0.385,0.371,0.453,0.417,0.727,0.786,0.702,0.73,16.5,13.018,179,180,38,40,36.5,39.6,65.8,64.1,0.451,0.506,0.756,0.812,6.352,6.746,8.984,9.54,0.867,0.884,2.899,2.933,0.961,0.976,0.451,0.506,79.4,89.0,79.4,89.0,68.057,89.0,0.655,0.654,0.712,0.661,33.47,24.446,0.712,0.661,0.712,0.661,0.623,0.645,0.833,0.818,0.5,0.667,0.786,0.765,21.933333333333334,10.966666666666667,9.676470588235293,2.2666666666666666,0.9666666666666667,1.1333333333333333,0.5588235294117647,0.6333333333333333,0.5,0.3333333333333333,0.29411764705882354,0.16666666666666666,0.14705882352941177,2.0,21.176470588235293,9.473684210526315,9.473684210526315,2.235294117647059,1.0789473684210527,1.0,0.5526315789473685,0.5526315789473685,0.3684210526315789,0.5789473684210527,0.5789473684210527,0.15789473684210525,0.15789473684210525,2.235294117647059
4003941,5.1034,28.5714,400.0,14.0,5.449,24.25,388.0,16.0,0.634,0.59,0.399,0.36,0.474,0.402,0.6,0.607,0.567,0.538,6.422,7.875,190,194,41,38,37.3,36.6,68.3,69.2,0.49,0.485,0.784,0.76,6.821,6.859,9.646,9.7,0.88,0.879,2.939,2.942,0.964,0.956,0.49,0.485,77.6,66.667,77.6,66.667,77.6,66.667,0.667,0.657,0.667,0.696,20.0,27.161,0.667,0.696,0.667,0.696,0.64,0.631,0.824,0.846,1.0,0.857,0.885,0.85,24.4,13.071428571428571,13.071428571428571,1.8666666666666667,0.7857142857142857,1.0,0.4642857142857143,0.4642857142857143,0.35714285714285715,0.35714285714285715,0.35714285714285715,0.14285714285714285,0.14285714285714285,1.8666666666666667,22.0,12.137931034482758,13.037037037037036,1.6875,0.8620689655172413,0.9310344827586207,0.4074074074074074,0.3793103448275862,0.3448275862068966,0.4482758620689655,0.48148148148148145,0.3793103448275862,0.4074074074074074,1.8125
4004041,5.2484,27.5714,386.0,14.0,5.5976,27.4286,384.0,14.0,0.573,0.56,0.44,0.456,0.54,0.514,0.796,0.66,0.857,0.676,18.367,11.255,187,208,36,35,33.9,40.4,65.7,72.8,0.487,0.539,0.74,0.812,6.748,7.486,9.543,10.587,0.879,0.896,2.933,2.991,0.936,0.958,0.487,0.539,54.857,96.5,54.857,96.5,54.857,86.85,0.727,0.75,0.714,0.723,25.0,24.596,0.714,0.723,0.714,0.723,0.745,0.727,0.727,0.926,0.75,1.0,0.731,0.933,23.928571428571427,12.884615384615385,12.884615384615385,1.8571428571428572,0.8461538461538461,1.0,0.46153846153846156,0.46153846153846156,0.4230769230769231,0.5,0.5,0.2692307692307692,0.2692307692307692,1.8571428571428572,24.0,12.923076923076923,12.923076923076923,1.8571428571428572,0.9230769230769231,1.0,0.46153846153846156,0.46153846153846156,0.2692307692307692,0.6153846153846154,0.6153846153846154,0.11538461538461539,0.11538461538461539,1.8571428571428572
4004141,5.682,32.0,384.0,12.0,5.9443,23.2941,396.0,17.0,0.614,0.581,0.396,0.461,0.407,0.535,0.547,0.706,0.561,0.659,9.981,14.294,194,215,40,39,37.2,40.9,69.6,74.8,0.49,0.56,0.778,0.827,6.893,7.758,9.749,10.972,0.881,0.903,2.945,3.011,0.966,0.961,0.49,0.56,79.2,128.0,79.2,128.0,79.2,128.0,0.683,0.78,0.774,0.804,31.717,32.961,0.774,0.804,0.774,0.804,0.648,0.755,0.889,0.941,1.0,1.0,0.909,0.952,28.083333333333332,14.041666666666666,12.035714285714286,2.3333333333333335,1.125,1.1666666666666667,0.5714285714285714,0.6666666666666666,0.4166666666666667,0.3333333333333333,0.2857142857142857,0.375,0.32142857142857145,2.0,20.294117647058822,9.857142857142858,12.321428571428571,1.6470588235294117,0.8285714285714286,0.8,0.39285714285714285,0.3142857142857143,0.2857142857142857,0.5714285714285714,0.7142857142857143,0.2571428571428571,0.32142857142857145,2.0588235294117645
4004241,5.3971,26.4667,397.0,15.0,5.3381,22.2222,400.0,18.0,0.608,0.605,0.44,0.453,0.517,0.522,0.632,0.722,0.667,0.68,15.789,8.028,205,201,38,35,40.4,37.3,72.6,70.2,0.512,0.506,0.79,0.755,7.248,7.133,10.25,10.088,0.888,0.886,2.973,2.964,0.971,0.94,0.512,0.506,80.0,66.167,80.0,66.167,80.0,66.167,0.716,0.721,0.789,0.694,35.526,17.361,0.789,0.694,0.789,0.694,0.685,0.709,0.944,0.84,1.0,1.0,0.952,0.875,23.333333333333332,11.666666666666666,15.909090909090908,1.4666666666666666,0.6,0.7333333333333333,0.3181818181818182,0.23333333333333334,0.16666666666666666,0.7333333333333333,1.0,0.43333333333333335,0.5909090909090909,2.0,20.055555555555557,10.314285714285715,10.027777777777779,2.0,0.9142857142857143,1.0285714285714285,0.5,0.5142857142857142,0.3142857142857143,0.37142857142857144,0.3611111111111111,0.2571428571428571,0.25,1.9444444444444444
4004341,5.4795,43.3333,390.0,9.0,5.6606,24.25,388.0,16.0,0.611,0.528,0.451,0.456,0.513,0.527,0.676,0.545,0.62,0.55,14.132,11.0,193,201,39,35,38.4,39.1,69.6,70.0,0.497,0.515,0.799,0.768,6.928,7.197,9.798,10.178,0.883,0.889,2.948,2.969,0.969,0.95,0.497,0.515,97.0,78.0,97.0,78.0,97.0,78.0,0.675,0.748,0.735,0.909,36.765,36.364,0.735,0.909,0.735,0.909,0.631,0.684,0.867,1.0,0.6,0.5,0.8,0.923,27.75,13.32,13.32,2.0833333333333335,0.96,1.0,0.52,0.52,0.44,0.48,0.48,0.28,0.28,2.0833333333333335,21.125,8.24390243902439,10.5625,2.0,0.975609756097561,0.7804878048780488,0.5,0.3902439024390244,0.3170731707317073,0.36585365853658536,0.46875,0.17073170731707318,0.21875,2.5625
4004441,5.0399,24.875,398.0,16.0,5.3382,20.3158,386.0,19.0,0.557,0.55,0.425,0.462,0.495,0.479,0.758,0.59,0.745,0.516,23.29,6.564,184,190,36,41,37.9,37.7,66.8,67.5,0.477,0.477,0.78,0.741,6.622,6.734,9.365,9.524,0.876,0.876,2.923,2.932,0.968,0.928,0.477,0.477,77.2,56.857,77.2,56.857,77.2,53.304,0.702,0.676,0.823,0.795,41.952,24.641,0.823,0.795,0.823,0.795,0.65,0.639,1.0,0.842,0.7,0.833,0.769,0.84,19.0,10.363636363636363,13.153846153846153,1.4444444444444444,0.6363636363636364,0.7878787878787878,0.3076923076923077,0.24242424242424243,0.21212121212121213,0.42424242424242425,0.5384615384615384,0.030303030303030304,0.038461538461538464,1.8333333333333333,18.31578947368421,8.487804878048781,12.88888888888889,1.4210526315789473,0.7317073170731707,0.6585365853658537,0.2962962962962963,0.1951219512195122,0.17073170731707318,0.3902439024390244,0.5925925925925926,0.07317073170731707,0.1111111111111111,2.1578947368421053
4004541,5.215,31.6667,380.0,12.0,5.236,26.6,399.0,15.0,0.529,0.516,0.504,0.416,0.574,0.524,0.797,0.63,0.76,0.765,24.475,14.696,204,185,39,40,40.3,39.3,71.5,66.2,0.511,0.487,0.77,0.777,7.222,6.711,10.213,9.49,0.888,0.879,2.971,2.93,0.946,0.954,0.511,0.487,66.5,76.0,66.5,76.0,66.5,76.0,0.763,0.724,0.847,0.739,42.373,25.13,0.847,0.739,0.847,0.739,0.723,0.703,0.8,0.909,1.0,1.0,0.818,0.917,30.363636363636363,12.846153846153847,12.846153846153847,2.3636363636363638,1.0769230769230769,1.0,0.5769230769230769,0.5769230769230769,0.46153846153846156,0.46153846153846156,0.46153846153846156,0.11538461538461539,0.11538461538461539,2.3636363636363638,24.571428571428573,11.466666666666667,12.74074074074074,1.9285714285714286,0.9666666666666667,0.9,0.48148148148148145,0.43333333333333335,0.3,0.36666666666666664,0.4074074074074074,0.16666666666666666,0.18518518518518517,2.142857142857143
4004641,5.5361,18.9048,397.0,21.0,5.8825,26.4,396.0,15.0,0.604,0.592,0.371,0.395,0.4,0.424,0.56,0.567,0.553,0.565,8.82,11.267,185,177,43,45,38.4,37.3,68.2,67.0,0.467,0.446,0.788,0.797,6.574,6.281,9.297,8.883,0.873,0.865,2.919,2.893,0.978,0.961,0.467,0.446,99.0,79.4,99.0,79.4,99.0,79.4,0.582,0.583,0.76,0.767,28.88,35.267,0.76,0.767,0.76,0.767,0.514,0.494,1.0,0.889,1.0,1.0,1.0,0.909,22.333333333333332,11.551724137931034,9.852941176470589,2.2666666666666666,1.0689655172413792,1.1724137931034482,0.5588235294117647,0.6551724137931034,0.41379310344827586,0.3103448275862069,0.2647058823529412,0.3103448275862069,0.2647058823529412,1.9333333333333333,22.8,12.214285714285714,12.214285714285714,1.8666666666666667,0.8928571428571429,1.0,0.4642857142857143,0.4642857142857143,0.42857142857142855,0.32142857142857145,0.32142857142857145,0.5,0.5,1.8666666666666667
4004741,5.3473,21.6111,389.0,18.0,5.4856,24.0625,385.0,16.0,0.623,0.627,0.33,0.442,0.382,0.481,0.4,0.578,0.478,0.628,7.446,11.391,186,160,43,35,39.4,39.1,68.7,61.9,0.483,0.411,0.818,0.767,6.703,5.736,9.479,8.112,0.878,0.851,2.929,2.842,0.974,0.968,0.483,0.411,96.25,64.833,96.25,64.833,96.25,64.833,0.642,0.533,0.708,0.672,32.554,28.891,0.708,0.672,0.708,0.672,0.588,0.462,1.0,0.6,0.667,1.0,0.933,0.636,20.058823529411764,11.0,9.742857142857142,2.0588235294117645,1.032258064516129,1.1290322580645162,0.5142857142857142,0.5806451612903226,0.3548387096774194,0.1935483870967742,0.17142857142857143,0.41935483870967744,0.37142857142857144,1.8235294117647058,22.0,10.666666666666666,11.0,2.0,0.8484848484848485,0.9696969696969697,0.5,0.48484848484848486,0.36363636363636365,0.42424242424242425,0.4375,0.2727272727272727,0.28125,2.0625
4004941,5.0811,18.1905,382.0,21.0,5.5569,22.0,374.0,17.0,0.636,0.602,0.46,0.435,0.49,0.494,0.806,0.81,0.714,0.757,10.081,13.517,155,178,38,40,38.4,39.3,59.0,64.6,0.414,0.466,0.765,0.763,5.667,6.44,8.015,9.107,0.851,0.872,2.835,2.907,0.971,0.962,0.414,0.466,62.333,63.667,62.333,63.667,62.333,59.119,0.508,0.587,0.565,0.638,19.758,23.603,0.565,0.638,0.565,0.638,0.487,0.548,0.533,0.857,0.667,1.0,0.556,0.867,16.476190476190474,7.863636363636363,10.484848484848484,1.5714285714285714,0.7727272727272727,0.75,0.36363636363636365,0.2727272727272727,0.1590909090909091,0.22727272727272727,0.30303030303030304,0.36363636363636365,0.48484848484848486,2.0952380952380953,20.058823529411764,11.0,8.317073170731707,2.411764705882353,1.1612903225806452,1.3225806451612903,0.5853658536585366,0.7741935483870968,0.3870967741935484,0.2903225806451613,0.21951219512195122,0.41935483870967744,0.3170731707317073,1.8235294117647058
4005041,5.4123,22.0,396.0,18.0,6.1441,21.0,399.0,19.0,0.629,0.598,0.431,0.422,0.441,0.5,0.58,0.772,0.61,0.727,12.5,10.105,170,170,37,37,37.4,38.9,64.5,62.9,0.426,0.429,0.764,0.729,6.018,6.041,8.511,8.543,0.858,0.859,2.869,2.871,0.965,0.94,0.426,0.429,66.5,49.5,66.5,49.5,66.5,53.036,0.542,0.57,0.82,0.579,33.62,19.105,0.82,0.579,0.82,0.579,0.479,0.572,0.517,0.609,1.0,0.6,0.562,0.607,19.263157894736842,9.891891891891891,12.620689655172415,1.5263157894736843,0.7567567567567568,0.7837837837837838,0.3448275862068966,0.2702702702702703,0.21621621621621623,0.2702702702702703,0.3448275862068966,0.2702702702702703,0.3448275862068966,1.9473684210526316,19.157894736842106,10.11111111111111,11.375,1.6842105263157894,0.7777777777777778,0.8888888888888888,0.40625,0.3611111111111111,0.2777777777777778,0.3611111111111111,0.40625,0.3333333333333333,0.375,1.894736842105263
4005241,5.7952,26.7143,374.0,14.0,5.5619,24.125,386.0,16.0,0.619,0.634,0.381,0.497,0.414,0.441,0.533,0.615,0.535,0.562,8.817,6.231,174,170,42,43,40.2,39.7,66.1,64.4,0.451,0.455,0.813,0.822,6.262,6.216,8.856,8.79,0.866,0.867,2.891,2.887,0.975,0.965,0.451,0.455,77.2,74.8,77.2,74.8,77.2,74.8,0.59,0.549,0.717,0.615,30.817,19.692,0.717,0.615,0.717,0.615,0.524,0.518,0.889,0.733,1.0,1.0,0.909,0.765,24.285714285714285,11.724137931034482,10.96774193548387,2.2142857142857144,1.0689655172413792,1.0689655172413792,0.5483870967741935,0.5862068965517241,0.41379310344827586,0.41379310344827586,0.3870967741935484,0.4827586206896552,0.45161290322580644,2.0714285714285716,24.785714285714285,12.392857142857142,10.515151515151516,2.357142857142857,0.9285714285714286,1.1785714285714286,0.5757575757575758,0.6785714285714286,0.39285714285714285,0.2857142857142857,0.24242424242424243,0.2857142857142857,0.24242424242424243,2.0
4005641,4.9094,24.0,384.0,16.0,5.0749,23.5294,400.0,17.0,0.612,0.625,0.46,0.391,0.55,0.477,0.719,0.684,0.733,0.708,19.105,20.281,200,218,45,43,38.9,40.5,72.6,75.3,0.5,0.568,0.815,0.827,7.071,7.866,10.0,11.125,0.884,0.905,2.959,3.019,0.976,0.971,0.5,0.568,100.0,128.0,100.0,128.0,100.0,128.0,0.694,0.758,0.789,0.842,35.526,40.421,0.789,0.842,0.789,0.842,0.673,0.738,0.571,0.842,0.8,0.5,0.615,0.783,22.3125,11.9,10.818181818181818,2.0625,0.9,1.1,0.5151515151515151,0.5666666666666667,0.43333333333333335,0.3,0.2727272727272727,0.4,0.36363636363636365,1.875,21.41176470588235,11.030303030303031,10.11111111111111,2.1176470588235294,1.0303030303030303,1.0909090909090908,0.5277777777777778,0.5757575757575758,0.48484848484848486,0.36363636363636365,0.3333333333333333,0.36363636363636365,0.3333333333333333,1.9411764705882353
4007141,5.6226,27.8571,390.0,14.0,5.7121,22.4706,382.0,17.0,0.589,0.579,0.419,0.577,0.476,0.664,0.698,0.897,0.667,0.871,16.981,18.692,187,211,37,44,39.4,39.6,67.4,72.4,0.49,0.541,0.789,0.772,6.765,7.555,9.568,10.684,0.88,0.897,2.935,2.996,0.96,0.96,0.49,0.541,63.667,65.0,63.667,65.0,70.033,65.0,0.64,0.752,0.849,0.795,38.208,24.641,0.849,0.795,0.849,0.795,0.562,0.728,0.714,0.844,0.429,0.75,0.643,0.833,22.733333333333334,12.62962962962963,13.64,1.6666666666666667,0.8518518518518519,0.9259259259259259,0.4,0.37037037037037035,0.25925925925925924,0.2962962962962963,0.32,0.3333333333333333,0.36,1.8,19.764705882352942,9.6,10.838709677419354,1.8235294117647058,0.8285714285714286,0.8857142857142857,0.45161290322580644,0.4,0.2571428571428571,0.37142857142857144,0.41935483870967744,0.17142857142857143,0.1935483870967742,2.0588235294117645
4007741,4.8107,17.8182,392.0,22.0,5.3596,19.6,392.0,20.0,0.554,0.528,0.357,0.362,0.422,0.416,0.629,0.485,0.64,0.511,16.516,7.779,185,178,35,42,37.4,37.1,66.2,65.5,0.472,0.454,0.745,0.763,6.607,6.357,9.344,8.99,0.874,0.868,2.921,2.9,0.949,0.972,0.472,0.454,56.0,65.333,56.0,65.333,56.0,65.333,0.719,0.628,0.806,0.662,40.323,29.779,0.806,0.662,0.806,0.662,0.674,0.609,1.0,1.0,0.6,0.412,0.857,0.655,14.826086956521738,6.959183673469388,10.029411764705882,1.4782608695652173,0.673469387755102,0.6938775510204082,0.3235294117647059,0.22448979591836735,0.16326530612244897,0.3469387755102041,0.5,0.061224489795918366,0.08823529411764706,2.130434782608696,16.333333333333332,9.27027027027027,9.8,1.6666666666666667,0.8108108108108109,0.9459459459459459,0.4,0.3783783783783784,0.2702702702702703,0.40540540540540543,0.42857142857142855,0.08108108108108109,0.08571428571428572,1.7619047619047619
4007841,5.0344,27.0,378.0,14.0,5.1916,23.0588,392.0,17.0,0.559,0.553,0.362,0.373,0.448,0.453,0.609,0.63,0.579,0.659,10.522,13.5,192,181,42,37,39.0,37.9,67.8,64.5,0.49,0.479,0.749,0.755,6.857,6.583,9.697,9.31,0.88,0.876,2.942,2.919,0.958,0.939,0.49,0.479,65.333,63.0,65.333,63.0,65.333,63.0,0.731,0.694,0.826,0.759,31.391,31.13,0.826,0.759,0.826,0.759,0.68,0.667,0.913,1.0,0.667,0.5,0.885,0.929,20.9375,11.551724137931034,9.852941176470589,2.125,1.0344827586206897,1.1724137931034482,0.5294117647058824,0.6206896551724138,0.3793103448275862,0.2413793103448276,0.20588235294117646,0.20689655172413793,0.17647058823529413,1.8125,19.61111111111111,10.382352941176471,11.387096774193548,1.7222222222222223,0.8529411764705882,0.9117647058823529,0.41935483870967744,0.38235294117647056,0.3235294117647059,0.3235294117647059,0.3548387096774194,0.11764705882352941,0.12903225806451613,1.8888888888888888
4007941,5.5542,28.1538,366.0,13.0,5.2586,25.6667,385.0,15.0,0.605,0.607,0.408,0.377,0.455,0.432,0.759,0.737,0.629,0.727,8.963,15.158,187,192,37,36,37.0,41.3,66.7,68.0,0.486,0.525,0.762,0.825,6.739,7.097,9.53,10.036,0.879,0.891,2.932,2.961,0.964,0.97,0.486,0.525,64.167,73.2,64.167,73.2,64.167,97.6,0.678,0.703,0.648,0.868,22.685,28.658,0.648,0.868,0.648,0.868,0.658,0.667,1.0,0.737,1.0,0.667,1.0,0.72,23.571428571428573,13.75,11.379310344827585,2.0714285714285716,1.0,1.2083333333333333,0.5172413793103449,0.625,0.4166666666666667,0.3333333333333333,0.27586206896551724,0.20833333333333334,0.1724137931034483,1.7142857142857142,23.533333333333335,14.708333333333334,11.03125,2.1333333333333333,0.9166666666666666,1.3333333333333333,0.53125,0.7083333333333334,0.4583333333333333,0.5833333333333334,0.4375,0.4166666666666667,0.3125,1.6
4008041,5.2349,33.7273,371.0,11.0,5.4794,24.375,390.0,16.0,0.585,0.574,0.403,0.423,0.454,0.416,0.75,0.649,0.652,0.625,5.625,6.081,185,173,46,39,38.4,40.7,67.2,63.7,0.474,0.466,0.774,0.797,6.624,6.351,9.368,8.982,0.875,0.871,2.923,2.899,0.954,0.928,0.474,0.466,78.0,74.2,78.0,74.2,71.5,63.6,0.636,0.629,0.575,0.649,13.225,15.568,0.575,0.649,0.575,0.649,0.652,0.609,0.611,0.778,0.667,0.714,0.625,0.76,28.454545454545453,14.904761904761905,11.592592592592593,2.4545454545454546,1.0952380952380953,1.2857142857142858,0.5925925925925926,0.7619047619047619,0.42857142857142855,0.7619047619047619,0.5925925925925926,0.42857142857142855,0.3333333333333333,1.9090909090909092,20.11764705882353,14.869565217391305,12.214285714285714,1.6470588235294117,0.6521739130434783,1.2173913043478262,0.39285714285714285,0.4782608695652174,0.34782608695652173,0.7391304347826086,0.6071428571428571,0.391304347826087,0.32142857142857145,1.3529411764705883
4008141,4.9055,26.0667,391.0,15.0,5.5905,22.7647,387.0,17.0,0.62,0.558,0.382,0.407,0.45,0.465,0.587,0.634,0.647,0.571,10.522,6.244,209,200,40,38,39.9,41.1,73.1,71.5,0.54,0.512,0.81,0.806,7.512,7.152,10.624,10.114,0.897,0.888,2.993,2.966,0.965,0.97,0.54,0.512,129.0,97.75,129.0,97.75,129.0,97.75,0.721,0.651,0.739,0.683,25.13,19.122,0.739,0.683,0.739,0.683,0.685,0.639,1.0,1.0,0.5,0.25,0.931,0.842,25.357142857142858,16.136363636363637,14.2,1.7857142857142858,0.7727272727272727,1.1363636363636365,0.44,0.5,0.3181818181818182,0.22727272727272727,0.2,0.36363636363636365,0.32,1.5714285714285714,20.294117647058822,11.129032258064516,11.5,1.7647058823529411,0.8064516129032258,0.967741935483871,0.43333333333333335,0.41935483870967744,0.3870967741935484,0.5483870967741935,0.5666666666666667,0.45161290322580644,0.4666666666666667,1.8235294117647058
4008241,5.2917,26.9286,377.0,14.0,5.4793,22.6471,385.0,17.0,0.639,0.592,0.426,0.411,0.448,0.455,0.735,0.683,0.735,0.625,12.755,9.756,194,198,40,39,40.2,40.5,69.8,69.6,0.504,0.525,0.807,0.805,6.991,7.211,9.887,10.198,0.885,0.891,2.953,2.97,0.97,0.971,0.504,0.525,96.25,75.4,96.25,75.4,96.25,75.4,0.671,0.695,0.694,0.78,23.592,24.976,0.694,0.78,0.694,0.78,0.667,0.693,0.8,0.76,0.5,1.0,0.765,0.793,23.133333333333333,11.566666666666666,12.851851851851851,1.8,0.8666666666666667,0.9,0.4444444444444444,0.4,0.26666666666666666,0.3,0.3333333333333333,0.5,0.5555555555555556,2.0,20.352941176470587,11.533333333333333,11.161290322580646,1.8235294117647058,0.7666666666666667,1.0333333333333334,0.45161290322580644,0.4666666666666667,0.43333333333333335,0.5,0.4838709677419355,0.5,0.4838709677419355,1.7647058823529411
4008341,4.495,22.1176,376.0,17.0,5.2426,19.4211,369.0,19.0,0.592,0.559,0.443,0.473,0.5,0.508,0.712,0.654,0.717,0.676,18.458,10.173,186,187,37,39,37.7,39.2,65.7,66.3,0.505,0.497,0.792,0.773,6.856,6.819,9.696,9.644,0.885,0.882,2.942,2.939,0.965,0.949,0.505,0.497,73.6,62.667,73.6,62.667,73.6,68.933,0.711,0.714,0.78,0.654,35.864,22.231,0.78,0.654,0.78,0.654,0.667,0.738,0.933,1.0,0.667,0.4,0.857,0.769,17.22222222222222,9.393939393939394,7.948717948717949,2.1666666666666665,0.9090909090909091,1.1818181818181819,0.5384615384615384,0.6363636363636364,0.3333333333333333,0.21212121212121213,0.1794871794871795,0.3333333333333333,0.28205128205128205,1.8333333333333333,17.63157894736842,9.305555555555555,9.305555555555555,1.894736842105263,0.8888888888888888,1.0,0.4722222222222222,0.4722222222222222,0.4166666666666667,0.16666666666666666,0.16666666666666666,0.2777777777777778,0.2777777777777778,1.894736842105263
4008441,5.514,20.6667,372.0,18.0,5.4489,27.5,385.0,14.0,0.629,0.613,0.434,0.43,0.511,0.448,0.804,0.65,0.818,0.596,15.848,13.067,182,192,40,43,39.4,40.0,67.2,68.5,0.473,0.516,0.802,0.819,6.559,7.039,9.276,9.955,0.874,0.888,2.917,2.957,0.972,0.967,0.473,0.516,77.0,93.0,77.0,93.0,77.0,93.0,0.632,0.675,0.717,0.783,23.674,36.817,0.717,0.783,0.717,0.783,0.593,0.632,0.889,0.778,0.667,0.667,0.833,0.75,20.0,11.724137931034482,9.18918918918919,2.176470588235294,1.0344827586206897,1.2758620689655173,0.5405405405405406,0.6896551724137931,0.5172413793103449,0.1724137931034483,0.13513513513513514,0.3103448275862069,0.24324324324324326,1.7058823529411764,24.571428571428573,13.76,10.424242424242424,2.357142857142857,1.04,1.32,0.5757575757575758,0.76,0.48,0.24,0.18181818181818182,0.24,0.18181818181818182,1.7857142857142858
4008541,4.6677,21.8824,372.0,17.0,4.6578,20.3158,386.0,19.0,0.544,0.548,0.409,0.457,0.503,0.481,0.736,0.807,0.737,0.786,14.792,19.105,185,206,39,38,39.1,40.3,67.6,71.4,0.479,0.554,0.798,0.812,6.658,7.552,9.416,10.681,0.877,0.9,2.926,2.996,0.959,0.959,0.479,0.554,77.2,124.0,77.2,124.0,77.2,124.0,0.695,0.77,0.717,0.737,27.245,30.947,0.717,0.737,0.717,0.737,0.697,0.792,0.941,1.0,0.5,0.857,0.8,0.882,19.0,10.766666666666667,8.72972972972973,2.176470588235294,0.9,1.2333333333333334,0.5405405405405406,0.6666666666666666,0.5333333333333333,0.23333333333333334,0.1891891891891892,0.16666666666666666,0.13513513513513514,1.7647058823529411,18.36842105263158,10.575757575757576,8.725,2.1052631578947367,0.9090909090909091,1.2121212121212122,0.525,0.6363636363636364,0.48484848484848486,0.3333333333333333,0.275,0.12121212121212122,0.1,1.736842105263158
4008641,4.7364,24.6875,395.0,16.0,4.9426,20.7895,395.0,19.0,0.542,0.603,0.367,0.395,0.42,0.426,0.515,0.553,0.581,0.51,9.47,8.895,169,197,38,38,38.3,40.7,64.0,71.8,0.428,0.499,0.764,0.82,6.013,7.009,8.503,9.912,0.858,0.884,2.869,2.954,0.966,0.971,0.428,0.499,65.833,98.75,65.833,98.75,65.833,98.75,0.631,0.676,0.652,0.671,28.015,34.224,0.652,0.671,0.652,0.671,0.614,0.653,1.0,1.0,0.556,0.8,0.75,0.889,20.352941176470587,10.8125,8.439024390243903,2.411764705882353,1.21875,1.28125,0.5853658536585366,0.75,0.46875,0.28125,0.21951219512195122,0.25,0.1951219512195122,1.8823529411764706,18.263157894736842,8.675,10.205882352941176,1.7894736842105263,0.825,0.85,0.4411764705882353,0.375,0.3,0.325,0.38235294117647056,0.025,0.029411764705882353,2.1052631578947367
4008741,4.9288,19.95,399.0,20.0,5.3343,17.7727,391.0,22.0,0.613,0.556,0.379,0.341,0.44,0.365,0.526,0.533,0.533,0.533,10.105,7.68,191,189,39,37,39.3,39.7,68.3,68.1,0.49,0.474,0.772,0.759,6.839,6.691,9.672,9.462,0.88,0.875,2.941,2.928,0.97,0.962,0.49,0.474,97.5,66.5,97.5,66.5,97.5,66.5,0.678,0.658,0.789,0.6,35.526,27.0,0.789,0.6,0.789,0.6,0.622,0.682,0.889,0.9,0.778,0.5,0.833,0.722,17.9,10.228571428571428,8.325581395348838,2.15,0.9714285714285714,1.2285714285714286,0.5348837209302325,0.6571428571428571,0.3142857142857143,0.14285714285714285,0.11627906976744186,0.2,0.16279069767441862,1.75,15.954545454545455,7.9772727272727275,8.775,1.8181818181818181,0.8636363636363636,0.9090909090909091,0.45,0.4090909090909091,0.3181818181818182,0.36363636363636365,0.4,0.11363636363636363,0.125,2.0
4008841,4.2566,16.913,389.0,23.0,5.1585,27.2143,381.0,14.0,0.535,0.555,0.375,0.38,0.455,0.418,0.583,0.652,0.552,0.605,7.111,9.797,176,170,32,32,38.0,36.6,63.2,61.9,0.462,0.437,0.74,0.719,6.376,6.095,9.017,8.619,0.87,0.861,2.901,2.876,0.941,0.937,0.462,0.437,54.429,35.364,54.429,35.364,58.964,39.293,0.711,0.616,0.806,0.623,23.361,26.797,0.806,0.623,0.806,0.623,0.676,0.61,0.789,1.0,1.0,0.4,0.8,0.727,15.590909090909092,8.365853658536585,8.794871794871796,1.7727272727272727,0.8292682926829268,0.9512195121951219,0.4358974358974359,0.4146341463414634,0.2682926829268293,0.34146341463414637,0.358974358974359,0.0975609756097561,0.10256410256410256,1.8636363636363635,24.285714285714285,14.782608695652174,14.782608695652174,1.6428571428571428,0.6956521739130435,1.0,0.391304347826087,0.391304347826087,0.2608695652173913,0.391304347826087,0.391304347826087,0.30434782608695654,0.30434782608695654,1.6428571428571428
4008941,4.8519,18.1818,400.0,22.0,5.3628,19.85,397.0,20.0,0.625,0.63,0.451,0.448,0.492,0.46,0.772,0.701,0.692,0.69,12.789,12.552,181,187,38,37,38.8,40.2,66.4,67.8,0.456,0.468,0.76,0.76,6.423,6.611,9.084,9.35,0.869,0.873,2.906,2.922,0.965,0.968,0.456,0.468,79.4,66.667,79.4,66.667,72.783,66.667,0.617,0.587,0.684,0.627,26.684,26.328,0.684,0.627,0.684,0.627,0.583,0.586,0.783,0.875,1.0,0.667,0.821,0.818,15.608695652173912,7.977777777777778,9.972222222222221,1.565217391304348,0.7111111111111111,0.8,0.3611111111111111,0.28888888888888886,0.17777777777777778,0.2,0.25,0.13333333333333333,0.16666666666666666,1.9565217391304348,18.15,11.34375,11.0,1.65,0.78125,1.03125,0.3939393939393939,0.40625,0.40625,0.4375,0.42424242424242425,0.375,0.36363636363636365,1.6
4009041,5.4482,29.4615,383.0,13.0,5.913,22.1111,398.0,18.0,0.593,0.535,0.379,0.475,0.464,0.489,0.653,0.709,0.658,0.721,12.755,17.473,183,184,36,43,38.2,37.6,66.2,66.2,0.46,0.48,0.744,0.768,6.486,6.648,9.173,9.402,0.87,0.877,2.911,2.925,0.944,0.94,0.46,0.48,66.333,63.833,66.333,63.833,55.278,63.833,0.631,0.698,0.776,0.782,29.469,33.618,0.776,0.782,0.776,0.782,0.575,0.664,0.833,0.933,1.0,0.571,0.846,0.818,19.3125,9.363636363636363,9.363636363636363,2.0625,0.9090909090909091,1.0,0.5151515151515151,0.5151515151515151,0.3333333333333333,0.5454545454545454,0.5454545454545454,0.12121212121212122,0.12121212121212122,2.0625,19.105263157894736,10.676470588235293,11.0,1.736842105263158,0.8529411764705882,0.9705882352941176,0.42424242424242425,0.4117647058823529,0.3235294117647059,0.5588235294117647,0.5757575757575758,0.2647058823529412,0.2727272727272727,1.7894736842105263
4009141,5.8818,22.9375,367.0,16.0,5.9113,19.6,392.0,20.0,0.599,0.599,0.467,0.488,0.478,0.505,0.545,0.674,0.55,0.686,8.8,12.522,201,188,44,39,39.8,39.9,71.4,67.3,0.513,0.512,0.796,0.825,7.179,6.939,10.152,9.814,0.888,0.887,2.968,2.949,0.968,0.972,0.513,0.512,98.0,91.75,98.0,91.75,98.0,91.75,0.677,0.664,0.727,0.761,29.091,26.63,0.727,0.761,0.727,0.761,0.683,0.66,0.682,0.4,0.769,1.0,0.714,0.5,20.666666666666668,10.689655172413794,11.071428571428571,1.8666666666666667,0.7586206896551724,0.9655172413793104,0.4642857142857143,0.4482758620689655,0.3103448275862069,0.27586206896551724,0.2857142857142857,0.2413793103448276,0.25,1.9333333333333333,17.4,11.225806451612904,11.225806451612904,1.55,0.6774193548387096,1.0,0.3548387096774194,0.3548387096774194,0.3548387096774194,0.5161290322580645,0.5161290322580645,0.3870967741935484,0.3870967741935484,1.55
4009241,5.9309,30.5385,397.0,13.0,6.4575,26.0,390.0,15.0,0.569,0.569,0.528,0.489,0.552,0.505,0.784,0.633,0.756,0.659,18.843,14.878,181,204,37,36,40.6,42.1,66.5,72.0,0.464,0.514,0.777,0.786,6.481,7.24,9.165,10.238,0.871,0.889,2.911,2.973,0.966,0.953,0.464,0.514,65.0,79.4,65.0,79.4,71.5,89.325,0.64,0.673,0.804,0.837,32.961,34.306,0.804,0.837,0.804,0.837,0.59,0.617,0.75,0.778,1.0,0.833,0.8,0.8,23.571428571428573,11.379310344827585,14.347826086956522,1.6428571428571428,0.8275862068965517,0.7931034482758621,0.391304347826087,0.3103448275862069,0.2413793103448276,0.3448275862068966,0.43478260869565216,0.2413793103448276,0.30434782608695654,2.0714285714285716,21.866666666666667,10.933333333333334,10.580645161290322,2.066666666666667,1.0,1.0333333333333334,0.5161290322580645,0.5333333333333333,0.3333333333333333,0.43333333333333335,0.41935483870967744,0.06666666666666667,0.06451612903225806,2.0
4009341,5.1676,17.7727,391.0,22.0,5.8378,18.5238,389.0,21.0,0.596,0.627,0.432,0.353,0.492,0.394,0.565,0.532,0.617,0.59,13.565,8.532,183,165,38,37,37.1,36.5,66.6,60.6,0.47,0.422,0.773,0.708,6.561,5.9,9.278,8.344,0.874,0.855,2.917,2.858,0.964,0.955,0.47,0.422,77.8,55.857,77.8,55.857,77.8,60.512,0.677,0.571,0.758,0.629,35.629,24.532,0.758,0.629,0.758,0.629,0.641,0.56,0.72,0.8,1.0,0.8,0.75,0.8,15.954545454545455,8.357142857142858,10.028571428571428,1.5909090909090908,0.7380952380952381,0.8333333333333334,0.37142857142857144,0.30952380952380953,0.2619047619047619,0.19047619047619047,0.22857142857142856,0.023809523809523808,0.02857142857142857,1.9090909090909092,16.523809523809526,7.711111111111111,9.63888888888889,1.7142857142857142,0.8,0.8,0.4166666666666667,0.3333333333333333,0.28888888888888886,0.4444444444444444,0.5555555555555556,0.1111111111111111,0.1388888888888889,2.142857142857143
4009441,5.7394,13.1111,354.0,27.0,5.8129,19.15,383.0,20.0,0.621,0.593,0.405,0.48,0.462,0.43,0.651,0.612,0.667,0.613,20.571,7.367,197,179,43,35,40.0,39.8,70.7,63.3,0.514,0.506,0.821,0.802,7.118,6.727,10.066,9.514,0.888,0.884,2.963,2.931,0.976,0.963,0.514,0.506,95.75,88.5,95.75,88.5,95.75,88.5,0.693,0.667,0.857,0.633,46.286,19.612,0.857,0.633,0.857,0.633,0.619,0.709,0.706,0.72,1.0,0.333,0.75,0.618,9.375,6.25,6.521739130434782,1.4375,0.6041666666666666,0.9583333333333334,0.30434782608695654,0.2916666666666667,0.2708333333333333,0.1875,0.1956521739130435,0.20833333333333334,0.21739130434782608,1.5,16.476190476190474,7.521739130434782,9.35135135135135,1.7619047619047619,0.8478260869565217,0.8043478260869565,0.43243243243243246,0.34782608695652173,0.2391304347826087,0.30434782608695654,0.3783783783783784,0.1956521739130435,0.24324324324324326,2.1904761904761907
4009541,4.8981,20.3158,386.0,19.0,5.3333,26.5,371.0,14.0,0.555,0.562,0.294,0.352,0.366,0.385,0.309,0.362,0.357,0.404,4.091,6.391,175,192,39,35,40.1,37.9,64.4,68.3,0.472,0.497,0.79,0.778,6.424,6.91,9.086,9.773,0.873,0.883,2.905,2.946,0.97,0.949,0.472,0.497,74.2,77.2,74.2,77.2,74.2,77.2,0.689,0.677,0.764,0.754,32.073,39.188,0.764,0.754,0.764,0.754,0.655,0.637,1.0,0.778,0.667,1.0,0.833,0.846,16.7,7.4222222222222225,8.789473684210526,1.9,0.8888888888888888,0.8444444444444444,0.47368421052631576,0.4,0.3333333333333333,0.26666666666666666,0.3157894736842105,0.044444444444444446,0.05263157894736842,2.25,24.0,11.586206896551724,10.838709677419354,2.2142857142857144,1.0689655172413792,1.0689655172413792,0.5483870967741935,0.5862068965517241,0.41379310344827586,0.41379310344827586,0.3870967741935484,0.06896551724137931,0.06451612903225806,2.0714285714285716
4009641,4.1795,12.4062,397.0,32.0,4.4294,18.7143,393.0,21.0,0.555,0.531,0.425,0.443,0.443,0.404,0.63,0.535,0.653,0.587,14.027,10.268,185,166,37,35,38.6,37.7,66.3,62.2,0.471,0.418,0.746,0.731,6.599,5.891,9.332,8.331,0.874,0.854,2.921,2.857,0.959,0.933,0.471,0.418,65.5,49.625,65.5,49.625,65.5,49.625,0.628,0.564,0.671,0.648,32.89,29.803,0.671,0.648,0.671,0.648,0.573,0.533,0.917,0.5,0.889,0.625,0.905,0.556,9.96875,5.229508196721311,5.229508196721311,1.90625,0.8524590163934426,1.0,0.47540983606557374,0.47540983606557374,0.3114754098360656,0.18032786885245902,0.18032786885245902,0.0,0.0,1.90625,16.19047619047619,7.083333333333333,7.23404255319149,2.238095238095238,0.9583333333333334,0.9791666666666666,0.5531914893617021,0.5416666666666666,0.375,0.20833333333333334,0.2127659574468085,0.020833333333333332,0.02127659574468085,2.2857142857142856
4009941,5.0389,33.0833,397.0,12.0,5.0419,27.2857,382.0,14.0,0.526,0.552,0.351,0.388,0.392,0.386,0.508,0.59,0.583,0.569,12.062,13.787,158,210,34,42,35.2,41.0,59.0,74.2,0.414,0.529,0.717,0.811,5.716,7.453,8.084,10.54,0.852,0.894,2.84,2.989,0.94,0.964,0.414,0.529,47.75,99.25,47.75,99.25,47.75,99.25,0.632,0.708,0.738,0.836,35.446,42.639,0.738,0.836,0.738,0.836,0.565,0.669,0.812,0.667,1.0,1.0,0.857,0.571,22.666666666666668,12.142857142857142,9.18918918918919,2.466666666666667,1.1071428571428572,1.3214285714285714,0.5945945945945946,0.7857142857142857,0.5,0.35714285714285715,0.2702702702702703,0.10714285714285714,0.08108108108108109,1.8666666666666667,24.142857142857142,11.655172413793103,9.657142857142857,2.5,1.0,1.206896551724138,0.6,0.7241379310344828,0.41379310344827586,0.6896551724137931,0.5714285714285714,0.1724137931034483,0.14285714285714285,2.0714285714285716
